,City,Cloudiness,Country,Date,Humidity,Lat,Lng,Max Temp,Wind Speed
0,Albany,40,US,1619964317,44,42.6001,-73.9662,60.8,5.75
1,Kapaa,90,US,1619964545,88,22.0752,-159.319,73.4,16.11
2,Roald,0,NO,1619964545,57,62.5833,6.1333,46.4,14.97
3,Iqaluit,90,CA,1619964546,70,63.7506,-68.5145,37.4,14.97
4,Zhigansk,100,RU,1619964546,99,66.7697,123.3711,32.04,4.47
5,Huangnihe,100,CN,1619964546,56,43.5583,128.0239,46.2,5.57
6,Jalu,5,LY,1619964547,6,29.0331,21.5482,107.33,9.04
7,Vicuña,100,CL,1619964547,27,-30.0319,-70.7081,66.99,4.5
8,Haines Junction,36,CA,1619964547,93,60.7522,-137.5108,21.2,1.5
9,Hithadhoo,99,MV,1619964548,72,-0.6,73.0833,81.59,3.04
10,Vaini,75,TO,1619964548,78,-21.2,-175.2,73.4,10.36
11,Hermanus,0,ZA,1619964548,34,-34.4187,19.2345,84.0,3.0
12,Provideniya,100,RU,1619964549,80,64.3833,-173.3,22.01,12.95
13,Torbay,20,CA,1619964549,53,47.6666,-52.7314,46.0,27.63
14,Busselton,100,AU,1619964549,89,-33.65,115.3333,57.0,1.99
15,Sechura,61,PE,1619964549,66,-5.5569,-80.8222,73.24,11.34
16,Māngrol,2,IN,1619964550,65,21.1167,70.1167,84.51,13.71
17,Taltal,5,CL,1619964550,66,-25.4,-70.4833,66.88,4.72
18,Bud,1,US,1619964550,59,39.447,-86.1758,68.0,6.91
19,Hong Kong,100,HK,1619964330,64,22.2855,114.1577,79.0,1.01
20,Petropavlovsk-Kamchatskiy,90,RU,1619964551,100,53.0452,158.6483,32.0,6.71
21,Helong,100,CN,1619964551,61,42.5397,128.9972,45.93,5.73
22,Cidreira,0,BR,1619964551,53,-30.1811,-50.2056,73.04,1.95
23,Huarmey,6,PE,1619964552,74,-10.0681,-78.1522,70.83,6.98
24,Juradó,94,CO,1619964552,71,7.1053,-77.7641,81.43,2.37
25,Faanui,2,PF,1619964552,68,-16.4833,-151.75,80.22,5.14
26,Sahaspur,14,IN,1619964553,18,29.1333,78.6167,93.83,7.38
27,Hilo,90,US,1619964553,78,19.7297,-155.09,71.6,5.75
28,Rikitea,95,PF,1619964553,72,-23.1203,-134.9692,76.84,14.27
29,Mount Gambier,90,AU,1619964526,94,-37.8333,140.7667,53.6,6.91
30,Kavaratti,92,IN,1619964554,69,10.5669,72.642,85.77,4.81
31,Garissa,77,KE,1619964554,43,-0.4536,39.6401,91.58,15.14
32,Ambilobe,56,MG,1619964554,83,-13.2,49.05,79.48,1.07
33,Velká Bíteš,75,CZ,1619964555,76,49.2884,16.2274,48.99,24.16
34,Eenhana,94,NA,1619964555,38,-17.4667,16.3333,80.67,10.2
35,Sibolga,100,ID,1619964555,88,1.7427,98.7792,78.98,2.68
36,Makaha,1,US,1619964556,88,21.4694,-158.2175,75.0,11.32
37,Kamenka,69,RU,1619964556,50,51.3223,42.7678,67.77,6.76
38,St. Pete Beach,1,US,1619964556,78,27.7253,-82.7412,82.0,8.05
39,Batagay,100,RU,1619964557,97,67.6333,134.6333,29.28,2.75
40,Senigallia,40,IT,1619964557,38,43.7093,13.2167,73.4,17.27
41,Airai,92,TL,1619964557,86,-8.9266,125.4092,56.68,2.48
42,Mataura,55,NZ,1619964557,94,-46.1927,168.8643,54.0,1.99
43,Kaitangata,1,NZ,1619964558,78,-46.2817,169.8464,54.0,6.26
44,Mushie,27,CD,1619964558,53,-3.0167,16.9,88.56,2.73
45,Atuona,63,PF,1619964558,72,-9.8,-139.0333,79.61,11.7
46,Searcy,75,US,1619964559,94,35.2506,-91.7363,64.4,4.61
47,Dikson,99,RU,1619964559,91,73.5069,80.5464,25.47,8.72
48,Inírida,100,CO,1619964559,96,3.8653,-67.9239,74.05,2.62
49,Gumdag,100,TM,1619964559,30,39.2061,54.5906,76.35,4.52
50,Port Alfred,0,ZA,1619964306,56,-33.5906,26.891,71.28,15.14
51,Saint George,1,US,1619964560,20,37.1041,-113.5841,64.99,3.44
52,Nikolskoye,40,RU,1619964560,43,59.7035,30.7861,50.0,6.71
53,Ushuaia,0,AR,1619964447,75,-54.8,-68.3,37.4,5.75
54,Salalah,40,OM,1619964561,74,17.0151,54.0924,86.0,12.66
55,Champerico,100,GT,1619964561,99,14.3,-91.9167,68.0,6.35
56,Broken Hill,0,AU,1619964561,36,-31.95,141.4333,62.6,8.12
57,Punta Arenas,75,CL,1619964562,87,-53.15,-70.9167,39.2,10.36
58,Jamestown,75,US,1619964562,82,42.097,-79.2353,63.0,10.36
59,Olafsvik,22,IS,1619964562,58,64.8945,-23.7142,37.81,14.85
60,Chui,56,UY,1619964562,58,-33.6971,-53.4616,70.74,5.26
61,Havelock,1,US,1619964478,64,34.8791,-76.9013,72.0,8.05
62,Kupang,16,ID,1619964563,75,-10.1667,123.5833,77.16,10.74
63,Laas,75,IT,1619964563,50,46.6166,10.7002,68.0,10.36
64,Saldanha,0,ZA,1619964563,12,-33.0117,17.9442,89.6,4.61
65,Portland,40,US,1619964085,71,45.5234,-122.6762,50.0,5.75
66,Lüderitz,2,NA,1619964564,43,-26.6481,15.1594,74.79,10.69
67,Avarua,75,CK,1619964564,100,-21.2078,-159.775,71.6,2.3
68,Flinders,94,AU,1619964564,87,-34.5833,150.8552,60.01,1.01
69,Cape Town,0,ZA,1619964321,22,-33.9258,18.4232,80.6,9.22
70,Tasiilaq,1,GL,1619964565,64,65.6145,-37.6368,35.6,3.44
71,Hobart,75,AU,1619964544,67,-42.8794,147.3294,59.0,3.44
72,Port Elizabeth,0,ZA,1619964366,52,-33.918,25.5701,69.8,13.8
73,Erzin,34,TR,1619964565,81,36.9559,36.2,73.0,14.0
74,Etāwah,100,IN,1619964566,21,26.7769,79.0239,92.28,2.37
75,Trairi,100,BR,1619964380,80,-3.2778,-39.2689,79.32,5.19
76,Saint-Philippe,75,RE,1619964566,69,-21.3585,55.7679,80.6,5.75
77,Ponta do Sol,99,PT,1619964566,62,32.6667,-17.1,62.01,3.0
78,Bengkulu,100,ID,1619964566,89,-3.8004,102.2655,78.13,5.44
79,Carnarvon,100,AU,1619964567,68,-24.8667,113.6333,68.0,17.27
80,Longyearbyen,20,SJ,1619964567,68,78.2186,15.6401,23.0,3.44
81,Naples,40,IT,1619964567,55,40.8333,14.25,64.4,12.66
82,Beringovskiy,88,RU,1619964568,96,63.05,179.3167,9.1,9.26
83,Necochea,100,AR,1619964568,74,-38.5473,-58.7368,64.99,10.36
84,Butaritari,20,KI,1619964568,75,3.0707,172.7902,82.38,13.18
85,Edd,95,ER,1619964569,54,13.9297,41.6925,87.84,13.13
86,Kruisfontein,0,ZA,1619964569,43,-34.0033,24.7314,71.53,9.17
87,Ginda,100,IN,1619964569,79,30.6945,78.4932,57.47,6.51
88,Maués,74,BR,1619964569,64,-3.3836,-57.7186,84.9,3.4
89,Romitan,0,UZ,1619964570,25,39.9343,64.3814,86.0,9.22
90,Anda,100,CN,1619964570,34,46.4,125.3167,57.13,7.72
91,Vila Velha,75,BR,1619964571,94,-20.3297,-40.2925,75.99,5.75
92,Kiunga,100,PG,1619964571,99,-6.1219,141.2906,73.4,1.97
93,Yellowknife,1,CA,1619964571,57,62.456,-114.3525,15.01,8.05
94,Hofn,75,IS,1619964572,60,64.2539,-15.2082,37.4,12.66
95,Kharp,100,RU,1619964572,96,66.8014,65.8081,32.92,9.91
96,Acajutla,75,SV,1619964301,100,13.5928,-89.8275,75.0,3.58
97,Souillac,40,MU,1619964572,78,-20.5167,57.5167,82.4,8.05
98,Ust-Tsilma,100,RU,1619964572,65,65.441,52.1498,36.19,19.15
99,Miraflores,75,MX,1619964573,59,19.2167,-98.8083,62.6,4.38
100,Ilulissat,1,GL,1619964573,31,69.2167,-51.1,44.6,14.97
101,Northam,16,GB,1619964573,16,51.0333,-4.2167,54.0,10.98
102,Krasnosel'kup,100,RU,1619964574,94,65.7,82.4667,34.12,13.51
103,Severo-Kuril'sk,100,RU,1619964574,97,50.6789,156.125,34.97,23.51
104,Hālol,20,IN,1619964574,25,22.5,73.4667,100.4,2.3
105,Yar-Sale,85,RU,1619964575,91,66.8333,70.8333,32.76,11.74
106,Bambous Virieux,40,MU,1619964575,78,-20.3428,57.7575,82.4,8.05
107,Westport,1,US,1619964575,48,41.1415,-73.3579,66.0,16.11
108,Oltedal,100,NO,1619964576,81,58.831,6.0466,45.0,1.01
109,Cherskiy,16,RU,1619964576,94,68.75,161.3,5.13,3.31
110,Hendek,0,TR,1619964576,37,40.7994,30.7481,84.2,9.22
111,Hasaki,75,JP,1619964577,58,35.7333,140.8333,53.6,10.36
112,Thompson,90,CA,1619964577,80,55.7435,-97.8558,23.0,5.75
113,San Quintín,95,MX,1619964577,77,30.4833,-115.95,58.28,10.92
114,Barrow,75,US,1619964578,79,71.2906,-156.7887,14.0,5.75
115,Alta Floresta,75,BR,1619964578,78,-9.8756,-56.0861,82.4,3.44
116,Bandarbeyla,55,SO,1619964578,67,9.4942,50.8122,86.05,11.72
117,Port Lincoln,100,AU,1619964579,62,-34.7333,135.8667,61.36,9.1
118,Oistins,20,BB,1619964579,57,13.0667,-59.5333,82.4,18.41
119,Mandalgovi,90,MN,1619964579,46,45.7625,106.2708,45.28,22.84
120,Saskylakh,84,RU,1619964580,99,71.9167,114.0833,15.82,4.09
121,Honiara,100,SB,1619964580,86,-9.4333,159.95,76.98,2.84
122,New Norfolk,75,AU,1619964580,67,-42.7826,147.0587,59.0,3.44
123,Coachella,1,US,1619964581,48,33.6803,-116.1739,66.2,17.27
124,Talnakh,15,RU,1619964421,95,69.4865,88.3972,22.05,4.43
125,San Cristobal,40,VE,1619964581,94,7.7669,-72.225,78.8,0.81
126,Tete,75,MZ,1619964581,47,-16.1564,33.5867,82.4,10.36
127,Kimbe,42,PG,1619964582,92,-5.5502,150.1429,75.72,4.05
128,Santa Rosa,20,PH,1619964582,70,14.3122,121.1114,84.2,5.75
129,Qaanaaq,62,GL,1619964582,66,77.484,-69.3632,31.69,6.53
130,Hualmay,7,PE,1619964582,75,-11.0964,-77.6139,69.89,6.62
131,Klaksvík,75,FO,1619964583,60,62.2266,-6.589,41.0,8.05
132,Sabha,7,LY,1619964583,3,27.0377,14.4283,104.29,14.47
133,Bethel,1,US,1619964583,30,41.3712,-73.414,69.8,13.8
134,East London,0,ZA,1619964388,60,-33.0153,27.9116,69.8,9.22
135,Fatehpur,67,IN,1619964584,20,25.9333,80.8,95.63,13.91
136,Chumikan,100,RU,1619964584,95,54.7183,135.315,30.13,3.02
137,Tuatapere,4,NZ,1619964584,94,-46.1333,167.6833,54.0,1.99
138,Codrington,6,AU,1619964585,95,-38.2667,141.9667,53.94,7.92
139,Changping,0,CN,1619964317,31,40.2186,116.2197,62.01,6.71
140,Shahe,96,CN,1619964585,41,39.2708,113.5478,52.02,3.38
141,Puerto Ayora,75,EC,1619964585,73,-0.7393,-90.3518,78.8,9.22
142,Fare,23,PF,1619964586,68,-16.7,-151.0167,80.31,6.49
143,Arica,0,CL,1619964336,64,-18.475,-70.3042,68.0,5.75
144,Tura,100,IN,1619964586,89,25.5198,90.2201,70.05,6.98
145,Saint Paul Harbor,90,US,1619964586,81,57.79,-152.4072,41.0,13.8
146,Bonavista,100,CA,1619964587,65,48.6499,-53.1147,44.6,14.97
147,Ostrovnoy,98,RU,1619964587,74,68.0531,39.5131,31.71,21.54
148,Cabcaben,20,PH,1619964587,70,14.454,120.5914,84.99,5.75
149,Sombrerete,1,MX,1619964588,24,23.6333,-103.65,55.74,3.76
150,Port Hedland,17,AU,1619964588,100,-20.3167,118.5667,73.4,6.91
151,Mahébourg,40,MU,1619964588,78,-20.4081,57.7,82.4,8.05
152,Port Blair,1,IN,1619964589,72,11.6667,92.75,84.6,6.85
153,Etchoropo,40,MX,1619964589,63,26.7667,-109.6667,73.65,16.62
154,Rawson,100,AR,1619964589,44,-43.3002,-65.1023,59.38,13.67
155,Bambanglipuro,92,ID,1619964590,84,-7.95,110.2833,78.82,5.3
156,Voyvozh,86,RU,1619964590,46,62.892,54.9635,36.95,11.79
157,Virgilio,22,IT,1619964590,64,45.1195,10.7905,70.0,3.0
158,Cardston,94,CA,1619964590,87,49.2,-113.3019,37.4,5.75
159,La Rioja,40,ES,1619964591,41,42.25,-2.5,61.0,3.44
160,Ancud,40,CL,1619964591,93,-41.8697,-73.8203,53.01,4.61
161,Kumul,100,CN,1619964591,12,42.8,93.45,57.97,19.19
162,Bredasdorp,13,ZA,1619964592,41,-34.5322,20.0403,75.2,8.05
163,Ţahţā,0,EG,1619964592,5,26.7693,31.5021,104.0,11.5
164,Leżajsk,75,PL,1619964592,82,50.2626,22.4193,59.0,20.71
165,Tawang Town,78,IN,1619964593,88,27.5833,91.8667,47.77,1.3
166,Borzya,100,RU,1619964593,48,50.3833,116.5167,46.51,21.25
167,Syas'stroy,88,RU,1619964593,53,60.1367,32.5691,42.73,8.63
168,Tromsø,0,NO,1619964488,48,69.6496,18.957,35.6,11.5
169,Buta,100,CD,1619964594,90,2.7858,24.73,77.11,4.27
170,Isangel,42,VU,1619964594,82,-19.55,169.2667,76.17,14.94
171,Bluff,72,NZ,1619964594,94,-46.6,168.3333,54.0,1.99
172,Sarangani,100,PH,1619964595,77,5.4033,125.4636,83.57,18.72
173,Bilma,0,NE,1619964595,3,18.6853,12.9164,106.12,11.97
174,Siocon,88,PH,1619964595,84,7.7061,122.1353,80.53,6.58
175,Rio Grande,0,BR,1619964596,53,-32.035,-52.0986,77.0,2.3
176,Port Hardy,75,CA,1619964596,100,50.6996,-127.4199,44.6,2.3
177,Orlik,59,RU,1619964596,88,52.5178,99.825,21.31,3.27
178,Auki,85,SB,1619964597,86,-8.7676,160.7034,77.49,2.46
179,Yarmouth,1,US,1619964597,62,41.7057,-70.2286,59.0,19.57
180,Jacareacanga,100,BR,1619964597,68,-6.2222,-57.7528,84.36,2.64
181,North Bend,90,US,1619964598,93,43.4065,-124.2243,51.8,2.08
182,Pevek,100,RU,1619964598,98,69.7008,170.3133,6.08,1.74
183,Ossora,5,RU,1619964598,90,59.2353,163.0719,13.42,5.41
184,Aklavik,99,CA,1619964598,86,68.2191,-135.0107,23.0,4.61
185,Tuktoyaktuk,90,CA,1619964599,92,69.4541,-133.0374,10.4,5.75
186,Sol'vychegodsk,100,RU,1619964599,32,61.3305,46.9156,45.18,8.03
187,Marsh Harbour,41,BS,1619964329,73,26.5412,-77.0636,78.4,13.27
188,Tiksi,100,RU,1619964599,99,71.6872,128.8694,25.36,3.51
189,São Félix do Xingu,100,BR,1619964600,78,-6.6447,-51.995,80.96,2.24
190,Kikwit,83,CD,1619964600,54,-5.041,18.8162,85.57,3.58
191,Acaraú,84,BR,1619964559,64,-2.8856,-40.12,83.59,7.74
192,Mamlyutka,100,KZ,1619964600,29,54.9375,68.5394,65.75,20.27
193,Chokurdakh,5,RU,1619964601,95,70.6333,147.9167,2.3,4.5
194,Niltepec,98,MX,1619964601,72,16.5667,-94.6167,80.83,9.15
195,Boende,86,CD,1619964601,51,-0.2167,20.8667,88.74,2.19
196,São Filipe,24,CV,1619964602,69,14.8961,-24.4956,71.71,10.09
197,Mar del Plata,0,AR,1619964494,82,-38.0023,-57.5575,66.0,12.66
198,Benghazi,48,LY,1619964613,31,32.1167,20.0667,85.5,11.65
199,Vostok,94,RU,1619964614,83,46.4856,135.8833,32.52,4.74
200,Begampur,75,IN,1619964614,78,22.7417,88.2433,86.0,13.8
201,Makaleng,3,BW,1619964614,41,-20.9,27.2833,70.0,17.38
202,Arraial do Cabo,40,BR,1619964615,78,-22.9661,-42.0278,77.0,5.75
203,Deputatsky,100,RU,1619964615,89,69.3,139.9,22.73,2.95
204,Upernavik,11,GL,1619964615,72,72.7868,-56.1549,33.84,4.43
205,Baykit,97,RU,1619964616,98,61.67,96.37,34.3,4.47
206,Hobyo,91,SO,1619964616,66,5.3505,48.5268,86.07,11.86
207,Churapcha,100,RU,1619964616,86,62.0025,132.4325,37.11,6.22
208,Hay River,100,CA,1619964324,86,60.8156,-115.7999,17.6,3.62
209,Altamira,40,BR,1619964617,74,-3.2033,-52.2064,84.2,6.91
210,Henties Bay,7,NA,1619964617,59,-22.116,14.2845,72.0,5.99
211,San Matías,11,BO,1619964617,50,-16.3667,-58.4,88.11,6.93
212,Dzaoudzi,0,YT,1619964618,62,-12.7887,45.2699,89.6,5.75
213,Almaznyy,40,RU,1619964618,44,48.0448,40.045,77.0,6.71
214,Encruzilhada do Sul,5,BR,1619964618,39,-30.5439,-52.5219,74.08,5.17
215,Castro,39,BR,1619964619,68,-24.7911,-50.0119,66.87,4.25
216,Tual,98,ID,1619964619,75,-5.6667,132.75,83.19,13.89
217,Nogales,1,MX,1619964619,16,31.3086,-110.9422,69.8,8.05
218,Marawi,39,PH,1619964619,84,7.9986,124.2928,78.01,5.01
219,Saint-Leu,75,RE,1619964620,69,-21.15,55.2833,80.6,5.75
220,Padang,40,ID,1619964620,83,-0.9492,100.3543,82.4,2.3
221,Esperance,40,AU,1619964620,82,-33.8667,121.9,57.2,8.05
222,Inuvik,100,CA,1619964621,86,68.3499,-133.7218,23.0,4.61
223,Mānsa,50,IN,1619964621,18,29.9833,75.3833,95.88,15.61
224,George Town,40,MY,1619964467,83,5.4112,100.3354,82.99,6.91
225,Norman Wells,75,CA,1619964621,80,65.282,-126.8329,28.4,3.44
226,Raudeberg,50,NO,1619964622,64,61.9875,5.1352,46.99,20.38
227,Omboué,99,GA,1619964622,75,-1.5746,9.2618,83.84,6.69
228,Buala,46,SB,1619964622,82,-8.145,159.5921,79.66,3.76
229,Ust'-Ilimsk,100,RU,1619964432,96,58.0006,102.6619,33.3,5.77
230,Kaeo,0,NZ,1619964623,92,-35.1,173.7833,48.0,1.99
231,San Patricio,20,US,1619964623,94,28.017,-97.5169,77.0,8.05
232,Province of Groningen,75,NL,1619964624,66,53.25,6.75,50.0,10.36
233,St. George's,20,GD,1619964624,62,12.0564,-61.7485,86.0,17.27
234,Verkhoyansk,100,RU,1619964624,98,67.5447,133.385,29.44,1.63
235,Constitución,100,CL,1619964625,96,-35.3333,-72.4167,55.76,5.08
236,Langham,75,CA,1619964625,81,52.3668,-106.9679,46.0,12.66
237,Fortuna,90,US,1619964625,100,40.5982,-124.1573,52.0,8.05
238,Porto Belo,40,BR,1619964418,69,-27.1578,-48.5531,77.0,5.75
239,Beba,20,CU,1619964626,61,22.4437,-79.7253,82.4,10.36
240,Sistranda,75,NO,1619964626,61,63.7256,8.834,42.8,10.36
241,Liévin,90,FR,1619964627,62,50.4198,2.7807,55.0,11.5
242,Mildura,12,AU,1619964628,63,-34.2,142.15,64.99,10.36
243,Viotá,75,CO,1619964628,72,4.4371,-74.5216,60.8,2.3
244,Kyabram,19,AU,1619964628,83,-36.3167,145.05,57.74,9.66
245,Narasannapeta,21,IN,1619964629,72,18.4167,84.05,83.16,0.94
246,Abakan,0,RU,1619964629,53,53.7156,91.4292,46.4,11.18
247,Lavrentiya,100,RU,1619964629,89,65.5833,-171.0,17.04,9.55
248,Osakarovka,19,KZ,1619964630,24,50.565,72.5692,58.1,2.8
249,Kashgar,20,CN,1619964630,11,39.4547,75.9797,82.4,6.71
250,Sitka,75,US,1619964630,93,57.0531,-135.33,39.2,2.82
251,Pangnirtung,100,CA,1619964631,79,66.1451,-65.7125,39.9,4.32
252,Lorengau,94,PG,1619964631,75,-2.0226,147.2712,81.25,0.56
253,Kahului,11,US,1619964583,83,20.8947,-156.47,70.0,11.99
254,Taoudenni,94,ML,1619964631,16,22.6783,-3.9836,102.72,6.31
255,Peniche,100,PT,1619964632,54,39.3558,-9.3811,64.0,11.01
256,Naze,0,JP,1619964632,55,28.3667,129.4833,60.55,10.98
257,Adrar,100,MR,1619964632,15,20.5022,-10.0711,95.58,5.46
258,Vanimo,100,PG,1619964633,83,-2.6741,141.3028,78.75,1.21
259,Ridge,1,US,1619964633,45,40.894,-72.8959,64.4,9.22
260,Monrovia,75,LR,1619964443,66,6.3005,-10.7969,91.4,12.66
261,Pierre,75,US,1619964384,63,44.3683,-100.351,66.99,4.61
262,Poum,22,NC,1619964633,78,-20.2333,164.0167,76.06,15.28
263,Khatanga,100,RU,1619964634,91,71.9667,102.5,31.75,7.36
264,Motta di Livenza,0,IT,1619964634,49,45.7781,12.6028,69.8,16.11
265,Selishche,99,RU,1619964634,35,56.8879,33.2691,53.33,2.42
266,Hambantota,54,LK,1619964369,75,6.1241,81.1185,82.04,3.78
267,Elban,99,RU,1619964635,67,50.1018,136.5094,39.04,9.31
268,Aksu,90,CN,1619964635,17,41.1231,80.2644,73.72,8.93
269,Río Gallegos,40,AR,1619964635,87,-51.6226,-69.2181,41.0,10.36
270,Sri Aman,68,MY,1619964636,94,1.2376,111.4621,77.0,1.34
271,Biltine,3,TD,1619964636,5,14.5333,20.9167,104.7,7.56
272,Sambava,4,MG,1619964636,79,-14.2667,50.1667,80.38,6.89
273,Harindānga,75,IN,1619964636,78,22.0383,88.3214,78.8,13.8
274,Geraldton,0,AU,1619964637,63,-28.7667,114.6,62.6,8.05
275,Paka,52,MY,1619964637,94,4.6374,103.4368,80.6,2.15
276,Coquimbo,0,CL,1619964637,67,-29.9533,-71.3436,60.8,5.75
277,Kudahuvadhoo,47,MV,1619964638,64,2.6708,72.8944,84.2,2.19
278,Ahipara,0,NZ,1619964638,82,-35.1667,173.1667,52.07,4.65
279,Smithers,75,CA,1619964638,93,54.7804,-127.1743,30.2,2.3
280,Guerrero Negro,54,MX,1619964639,80,27.9769,-114.0611,58.77,14.23
281,São João da Barra,0,BR,1619964639,69,-21.6403,-41.0511,77.0,3.49
282,Husavik,75,IS,1619964639,48,66.0449,-17.3389,37.4,5.75
283,Nemuro,92,JP,1619964639,83,43.3236,145.575,36.14,18.66
284,Hilton Head,1,US,1619964353,73,32.2163,-80.7526,75.2,5.75
285,Monte Alegre,86,BR,1619964640,70,-2.0078,-54.0692,81.25,7.92
286,Christchurch,8,NZ,1619964640,93,-43.5333,172.6333,37.4,2.3
287,High Level,75,CA,1619964510,74,58.5169,-117.136,28.4,5.75
288,Choma,96,ZM,1619964641,70,-16.8065,26.9531,66.83,7.87
289,Praia da Vitória,75,PT,1619964410,82,38.7333,-27.0667,68.0,14.52
290,Ribeira Grande,40,PT,1619964641,68,38.5167,-28.7,68.0,4.61
291,Merauke,98,ID,1619964641,87,-8.4667,140.3333,77.68,12.77
292,Bollnäs,100,SE,1619964642,39,61.3482,16.3946,55.0,3.0
293,Kiama,89,AU,1619964642,87,-34.6833,150.8667,60.01,1.01
294,Grand Gaube,8,MU,1619964642,84,-20.0064,57.6608,80.01,1.99
295,Tilichiki,42,RU,1619964643,95,60.4667,166.1,4.6,7.16
296,Carnduff,100,CA,1619964643,77,49.1667,-101.8009,50.58,9.19
297,Nadym,100,RU,1619964392,99,65.5333,72.5167,33.89,0.69
298,San Juan,97,AR,1619964602,51,-31.5375,-68.5364,65.55,6.06
299,Lukh,100,RU,1619964643,59,57.0124,42.2584,51.53,5.73
300,Ixtapa,1,MX,1619964644,63,20.7,-105.2,70.0,5.75
301,County Wicklow,75,IE,1619964644,50,53.0,-6.4167,52.0,9.22
302,Umluj,0,SA,1619964644,48,25.0213,37.2685,85.66,8.55
303,Pemberton,1,CA,1619964645,100,50.3164,-122.8027,32.0,1.28
304,Huangzhai,74,CN,1619964645,47,38.0751,112.6595,57.2,13.42
305,Tibiri,0,NE,1619964645,11,13.5627,7.0485,105.8,11.5
306,Lincoln,75,US,1619964497,73,40.8,-96.667,68.0,20.71
307,Mokhotlong,2,LS,1619964646,37,-29.2894,29.0675,56.14,2.64
308,Cayenne,90,GF,1619964646,74,4.9333,-52.3333,82.4,2.3
309,Fairbanks,75,US,1619964646,55,64.8378,-147.7164,33.8,5.75
310,Taihecun,59,CN,1619964647,70,45.8,130.85,45.64,5.14
311,Brewster,1,US,1619964647,30,41.3973,-73.6171,69.8,13.8
312,Mutsu,23,JP,1619964647,78,41.2894,141.2169,45.0,4.0
313,Narsaq,96,GL,1619964648,21,60.9167,-46.05,46.4,48.34
314,Pacific Grove,45,US,1619964629,90,36.6177,-121.9166,51.01,6.33
315,Muskegon,75,US,1619964648,55,43.3,-86.1334,68.0,17.27
316,Coxim,0,BR,1619964648,47,-18.5067,-54.76,86.7,6.64
317,San Policarpo,98,PH,1619964649,85,12.1791,125.5072,80.38,11.5
318,Seminole,20,US,1619964626,74,28.7086,-81.2081,82.99,10.36
319,Bathsheba,20,BB,1619964649,57,13.2167,-59.5167,82.4,18.41
320,Korčula,40,HR,1619964649,43,42.9622,17.1369,75.2,13.8
321,Arona,75,ES,1619964565,56,28.0996,-16.681,70.0,18.41
322,Prince Rupert,1,CA,1619964650,93,54.3161,-130.3201,42.8,3.44
323,Kaniama,83,CD,1619964650,74,-7.5667,24.1833,77.47,7.31
324,Baruun-Urt,100,MN,1619964650,31,46.6806,113.2792,60.13,11.65
325,Half Moon Bay,20,US,1619964651,87,37.4636,-122.4286,52.0,13.8
326,Guadalupe y Calvo,50,MX,1619964651,45,26.1,-106.9667,52.66,2.17
327,Morón,0,AR,1619964532,53,-34.6534,-58.6198,75.2,9.22
328,Kaliua,98,TZ,1619964652,80,-5.0606,31.7936,73.44,6.91
329,Tegul'det,96,RU,1619964652,93,57.3064,88.1667,36.27,5.23
330,Mayna,94,RU,1619964652,48,54.1135,47.6231,55.31,5.1
331,Beroroha,99,MG,1619964653,50,-21.6667,45.1667,81.41,4.65
332,Kang,0,BW,1619964653,27,-23.6752,22.7876,74.12,10.04
333,Porto-Novo,40,BJ,1619964653,70,6.4965,2.6036,91.4,12.66
334,Arlit,0,NE,1619964654,2,18.7369,7.3853,107.62,7.36
335,Temerloh,88,MY,1619964654,93,3.4483,102.4176,75.85,2.06
336,Itaituba,75,BR,1619964633,83,-4.2761,-55.9836,82.4,4.61
337,Huron,100,US,1619964654,62,41.1501,-82.5499,68.0,5.99
338,Yanam,20,IN,1619964655,74,16.7333,82.2167,84.2,34.52
339,Kalabo,100,ZM,1619964655,52,-14.97,22.6814,78.85,2.91
340,Beloha,58,MG,1619964655,72,-25.1667,45.05,71.8,11.72
341,Balaipungut,40,ID,1619964656,94,1.05,101.2833,77.0,2.19
342,Maniwaki,94,CA,1619964656,70,46.3834,-75.966,42.8,8.05
343,Anadyr,20,RU,1619964656,85,64.75,177.4833,6.8,4.63
344,Hāflong,25,IN,1619964656,80,25.1833,93.0333,70.23,1.01
345,Pochutla,40,MX,1619964657,38,15.7432,-96.4661,80.01,5.55
346,Aflao,20,TG,1619964657,62,6.116,1.1914,91.4,14.97
347,Lebu,100,CL,1619964657,92,-37.6167,-73.65,55.81,2.24
348,Ilhabela,64,BR,1619964565,66,-23.7781,-45.3581,74.53,3.42
349,Leshukonskoye,100,RU,1619964658,45,64.8989,45.7622,38.35,14.16
350,Rocafuerte,75,EC,1619964658,74,-0.9167,-80.4333,82.4,3.44
351,Sorong,78,ID,1619964658,82,-0.8833,131.25,80.08,5.68
352,Te Anau,24,NZ,1619964659,92,-45.4167,167.7167,43.12,0.89
353,Santa Maria,0,BR,1619964659,73,-29.6842,-53.8069,69.8,3.44
354,Ürümqi,0,CN,1619964659,29,43.801,87.6005,59.0,6.71
355,Djibo,26,BF,1619964491,9,14.1022,-1.6306,107.73,10.31
356,Setermoen,75,NO,1619964660,48,68.861,18.3486,37.4,1.14
357,Annau,90,TM,1619964660,33,37.8876,58.516,77.0,18.41
358,Sakakah,0,SA,1619964660,10,29.9697,40.2064,91.4,19.57
359,Kutoarjo,94,ID,1619964661,100,-7.7169,109.9128,59.0,3.36
360,Kungurtug,100,RU,1619964661,88,50.5994,97.5228,29.57,5.1
361,Acapulco de Juárez,20,MX,1619964626,69,16.8634,-99.8901,80.6,3.44
362,Pinega,88,RU,1619964661,34,64.7001,43.3936,39.67,11.99
363,Urengoy,100,RU,1619964662,97,65.9667,78.3667,32.92,15.05
364,Krutikha,3,RU,1619964662,49,53.9599,81.2093,48.96,7.81
365,Disna,100,BY,1619964662,50,55.568,28.1971,53.92,10.38
366,Kununurra,0,AU,1619964663,83,-15.7667,128.7333,71.6,1.14
367,Mossamedes,4,AO,1619964663,66,-15.1961,12.1522,82.6,15.48
368,Bariloche,75,AR,1619964663,81,-41.1456,-71.3082,44.6,12.66
369,Zuwārah,100,LY,1619964664,67,32.9312,12.082,68.85,14.07
370,Mahayag,88,PH,1619964664,92,8.1183,123.4455,76.86,2.68
371,Burnie,69,AU,1619964664,92,-41.0667,145.9167,55.99,1.99
372,Sabang,94,ID,1619964664,73,5.8933,95.3214,85.08,13.51
373,Jinka,64,ET,1619964665,65,5.65,36.65,72.45,2.39
374,Graaff-Reinet,0,ZA,1619964365,28,-32.2522,24.5308,75.99,1.99
375,Pandharpur,100,IN,1619964665,36,17.6667,75.3333,86.86,8.14
376,Morristown,1,US,1619964485,45,36.214,-83.2949,62.6,1.32
377,Cabo San Lucas,1,MX,1619964666,30,22.8909,-109.9124,80.01,5.75
378,Lucea,20,JM,1619964666,69,18.451,-78.1736,84.0,6.91
379,Dārāb,0,IR,1619964666,12,28.7519,54.5444,83.41,18.77
380,Meru,99,KE,1619964666,69,0.0463,37.6559,71.89,6.67
381,Tevriz,100,RU,1619964667,38,57.509,72.4042,62.83,11.63
382,Ponta Delgada,75,PT,1619964667,94,37.7333,-25.6667,62.6,12.66
383,Mocorito,98,MX,1619964667,83,25.4833,-107.9167,71.01,5.01
384,Emerald,75,AU,1619964668,77,-23.5333,148.1667,68.0,4.61
385,Kristinehamn,20,SE,1619964563,40,59.3098,14.1081,55.4,10.36
386,Nome,1,US,1619964668,64,64.5011,-165.4064,28.4,11.5
387,Lompoc,64,US,1619964669,82,34.6391,-120.4579,51.8,10.36
388,Nouadhibou,0,MR,1619964669,60,20.931,-17.0347,71.6,21.85
389,Preobrazheniye,98,RU,1619964669,80,42.9019,133.9064,45.3,9.95
390,Kavieng,78,PG,1619964670,75,-2.5744,150.7967,82.04,4.74
391,Lahore,20,PK,1619964670,25,31.5497,74.3436,98.6,3.44
392,Seoul,0,KR,1619964544,71,37.5683,126.9778,51.8,4.61
393,Martapura,90,ID,1619964670,89,-3.4167,114.85,78.8,3.44
394,Belinsky,95,RU,1619964671,59,52.9647,43.4165,60.76,4.09
395,Douentza,52,ML,1619964671,8,14.9951,-2.9517,107.78,6.64
396,Vernon,0,CA,1619964524,87,50.2581,-119.2691,42.01,6.91
397,Chara,100,RU,1619964672,80,56.9064,118.2631,33.76,1.7
398,Goderich,100,CA,1619964672,62,43.7501,-81.7165,57.2,9.22
399,Jaqué,80,PA,1619964672,73,7.5175,-78.1703,81.61,5.97
400,Salta,0,AR,1619964673,63,-24.7859,-65.4117,66.0,2.3
401,Montepuez,37,MZ,1619964673,77,-13.1256,38.9997,75.85,8.41
402,Luzhou,38,CN,1619964673,71,28.8724,105.4405,78.39,4.41
403,Kutum,10,SD,1619964674,8,14.2,24.6667,93.56,12.01
404,Camaná,57,PE,1619964674,69,-16.6228,-72.7111,71.19,6.17
405,Conakry,40,GN,1619964674,66,9.538,-13.6773,87.8,16.11
406,Skibbereen,75,IE,1619964675,43,51.55,-9.2667,53.6,4.61
407,Rocha,26,UY,1619964675,62,-34.4833,-54.3333,70.29,8.01
408,Thinadhoo,96,MV,1619964675,70,0.5333,72.9333,83.3,4.72
409,Lloydminster,75,CA,1619964433,93,53.2835,-110.0016,37.4,6.91
410,Kevelaer,0,DE,1619964676,53,51.5833,6.25,52.0,14.97
411,Koumac,19,NC,1619964676,83,-20.5667,164.2833,73.58,4.52
412,Na Wa,20,TH,1619964676,89,17.4897,104.1006,88.0,3.44
413,Capinzal,4,BR,1619964677,55,-27.3436,-51.6119,75.33,3.56
414,Nishihara,20,JP,1619964677,56,26.1842,127.7558,69.8,12.66
415,Topolobampo,40,MX,1619964677,88,25.6,-109.05,70.0,10.36
416,Bukachacha,100,RU,1619964677,94,52.9833,116.9167,41.56,2.73
417,Sacramento,1,US,1619964414,87,38.4666,-121.3177,55.0,2.21
418,Hervey Bay,40,AU,1619964678,88,-25.2986,152.8535,68.0,8.05
419,Thaba-Tseka,0,LS,1619964678,27,-29.522,28.6084,57.61,4.54
420,Soanierana Ivongo,21,MG,1619964678,84,-16.9167,49.5833,78.69,3.06
421,Ivanovka,0,KG,1619964679,45,42.8878,75.085,68.0,8.95
422,Soyo,20,AO,1619964679,66,-6.1349,12.3689,87.8,6.91
423,Cruz Alta,0,BR,1619964679,64,-28.6386,-53.6064,69.8,4.61
424,Øksfjord,40,NO,1619964680,69,70.2396,22.3479,35.6,6.6
425,Rosetta,0,EG,1619964680,14,31.4044,30.4164,86.0,9.22
426,Toumodi,75,CI,1619964680,58,6.5613,-5.0158,91.4,9.22
427,Sémbé,100,CG,1619964681,62,1.6481,14.5806,85.6,2.46
428,Mandurah,98,AU,1619964681,70,-32.55,115.7,60.01,13.0
429,Hohhot,0,CN,1619964681,30,40.8106,111.6522,69.8,13.42
430,Along,34,IN,1619964504,84,28.1667,94.7667,70.2,0.89
431,Dovbysh,100,UA,1619964682,85,50.3733,27.9874,61.41,15.7
432,Malazgirt,71,TR,1619964682,44,39.1427,42.5401,63.39,10.76
433,Williston,100,US,1619964682,71,48.147,-103.618,51.01,8.99
434,Lata,100,PT,1619964682,56,40.1629,-8.3327,64.0,7.0
435,Pangody,100,RU,1619964683,99,65.85,74.4859,33.24,8.84
436,Antofagasta,0,CL,1619964683,67,-23.65,-70.4,73.0,8.05
437,Yendi,87,GH,1619964683,35,9.4427,-0.0099,98.01,5.79
438,Kamaishi,65,JP,1619964684,86,39.2667,141.8833,44.08,6.8
439,Waipawa,4,NZ,1619964684,93,-41.4122,175.5153,48.2,4.61
440,Alamosa,1,US,1619964684,26,37.4695,-105.87,53.6,9.22
441,Puerto Colombia,20,CO,1619964685,74,10.9878,-74.9547,84.2,6.91
442,Bāglung,100,NP,1619964685,85,28.2719,83.5898,64.08,4.99
443,Gōtsuchō,71,JP,1619964685,74,35.0,132.2167,54.16,5.48
444,Kozhva,100,RU,1619964686,42,65.1073,57.0459,38.61,18.39
445,Taywarah,100,AF,1619964686,52,33.35,64.4167,56.26,4.07
446,Almansa,82,ES,1619964586,67,38.8692,-1.0971,64.99,10.51
447,Warri,100,NG,1619964417,72,5.5167,5.75,85.5,4.54
448,Linhares,100,BR,1619964686,76,-19.3911,-40.0722,75.11,6.29
449,Montijo,20,PT,1619964687,37,38.7067,-8.9739,66.2,8.05
450,Mount Isa,0,AU,1619964687,42,-20.7333,139.5,68.0,1.14
451,Aban,100,RU,1619964687,81,56.67,96.06,38.25,12.53
452,Abhā,40,SA,1619964483,64,18.2164,42.5053,71.6,10.36
453,Daru,83,PG,1619964606,83,-9.0763,143.2092,79.3,13.09
454,Halifax,99,CA,1619964546,65,44.6453,-63.5724,50.0,18.41
455,Xai-Xai,1,MZ,1619964480,58,-25.0519,33.6442,74.14,12.17
456,Němčice nad Hanou,100,CZ,1619964688,70,49.3418,17.206,50.0,18.01
457,Coron,0,PH,1619964688,75,11.9986,120.2043,82.13,8.93
458,San Isidro,20,PE,1619964689,94,-12.1167,-77.05,68.0,2.3
459,Susanville,20,US,1619964689,61,40.4163,-120.653,46.4,11.5
460,Tías,40,ES,1619964689,41,28.9611,-13.645,75.2,18.41
461,Esil,100,KZ,1619964690,33,51.9556,66.4042,64.2,9.01
462,Balkhash,96,KZ,1619964690,26,46.844,74.9804,59.74,18.5
463,Road Town,40,VG,1619964690,74,18.4167,-64.6167,82.0,14.97
464,Eslāmshahr,75,IR,1619964691,42,35.5605,51.2346,68.0,27.63
465,Chikwawa,75,MW,1619964691,83,-16.0335,34.8009,69.8,12.66
466,Camacha,40,PT,1619964691,59,33.0833,-16.3333,64.4,6.91
467,Mehamn,40,NO,1619964692,55,71.0357,27.8492,33.8,5.75
468,Zanjān,40,IR,1619964692,44,36.6736,48.4787,60.8,21.85
469,Nelson Bay,100,AU,1619964692,94,-32.7167,152.15,64.0,5.75
470,Ciudad Juárez,75,MX,1619964434,18,31.7333,-106.4833,71.01,6.91
471,Sena Madureira,10,BR,1619964693,61,-9.0656,-68.6569,84.65,2.13
472,Les Cayes,25,HT,1619964693,67,18.2,-73.75,82.04,9.08
473,Ventspils,0,LV,1619964693,31,57.3894,21.5606,48.2,16.11
474,Ust'-Omchug,100,RU,1619964693,84,61.15,149.6333,29.32,0.94
475,Inhambane,40,MZ,1619964694,64,-23.865,35.3833,75.2,13.8
476,Iquitos,55,PE,1619964694,73,-3.7481,-73.2472,79.74,2.01
477,The Valley,40,AI,1619964528,69,18.217,-63.0578,84.2,16.11
478,Agadez,0,NE,1619964694,2,19.75,10.25,103.75,12.44
479,Samarai,49,PG,1619964695,82,-10.6167,150.6667,79.9,9.26
480,Guatire,20,VE,1619964695,61,10.4762,-66.5427,82.4,4.61
481,Xining,4,CN,1619964512,50,36.6167,101.7667,56.08,5.28
482,Basco,74,PH,1619964695,85,20.4487,121.9702,79.74,17.63
483,Thunder Bay,20,CA,1619964687,76,48.4001,-89.3168,46.99,12.66
484,Itarema,94,BR,1619964696,62,-2.9248,-39.9167,84.16,8.7
485,Alghero,20,IT,1619964696,55,40.5589,8.3181,66.2,9.22
486,Severnyy,0,RU,1619964696,40,50.677,36.5532,73.4,11.18
487,Erenhot,99,CN,1619964697,21,43.6475,111.9767,69.76,9.53
488,Mâncio Lima,95,BR,1619964697,65,-7.6142,-72.8958,81.54,2.42
489,Egvekinot,84,RU,1619964697,84,66.3167,-179.1667,7.79,10.69
490,Sittwe,0,MM,1619964697,68,20.15,92.9,83.55,6.78
491,Ishigaki,98,JP,1619964698,81,24.3448,124.1572,74.16,17.98
492,Rio Verde de Mato Grosso,0,BR,1619964698,47,-18.9181,-54.8442,85.69,9.04
493,Zaysan,0,KZ,1619964698,34,47.4667,84.8667,43.47,4.94
494,Santana do Matos,60,BR,1619964699,41,-5.9575,-36.6556,90.54,2.98
495,Khovd,97,MN,1619964699,35,48.0056,91.6419,38.21,5.28
496,Tālīkota,96,IN,1619964699,18,16.4833,76.3167,96.69,11.97
497,Adré,3,TD,1619964700,7,13.4667,22.2,100.31,7.31
498,Najrān,75,SA,1619964700,13,17.4924,44.1277,89.6,4.61
499,Maragogi,98,BR,1619964700,70,-9.0122,-35.2225,81.48,4.05
500,Kapoeta,99,SS,1619964701,62,4.7717,33.5903,78.08,7.49
501,North Myrtle Beach,1,US,1619964701,68,33.816,-78.68,75.0,9.22
502,Coahuayana Viejo,1,MX,1619964701,53,18.7333,-103.6833,71.6,2.77
503,Kieta,100,PG,1619964701,83,-6.2167,155.6333,79.27,3.36
504,Oranjestad,20,AW,1619964702,66,12.524,-70.027,86.0,17.27
505,Qaqortoq,100,GL,1619964702,21,60.7167,-46.0333,46.4,48.34
506,Ananas,21,HT,1619964702,58,19.2466,-71.9557,80.78,1.72
507,Gouyave,20,GD,1619964703,62,12.1646,-61.7296,86.0,17.27
508,Kingaroy,93,AU,1619964703,100,-26.5333,151.8333,57.2,5.75
509,Güstrow,75,DE,1619964703,87,53.7972,12.1734,46.4,3.44
510,Shingū,49,JP,1619964704,67,33.7333,135.9833,51.55,9.04
511,Moose Factory,90,CA,1619964704,86,51.2585,-80.6094,23.0,8.05
512,Port Moresby,20,PG,1619964704,83,-9.4431,147.1797,80.6,20.71
513,Lokosovo,100,RU,1619964704,94,61.1333,74.8167,43.72,9.44
514,Abrau-Dyurso,0,RU,1619964705,59,44.69,37.59,66.2,11.18
515,La Santisima Trinidad,44,BO,1619964595,78,-14.8333,-64.9,78.8,3.27
516,Lagos,20,NG,1619964510,59,6.5833,3.75,93.2,3.44
517,Sīrjān,95,IR,1619964705,34,29.452,55.6814,69.49,7.52
518,Aksay,40,RU,1619964706,44,47.26,39.87,77.0,6.71
519,Vila Franca do Campo,75,PT,1619964706,94,37.7167,-25.4333,62.6,12.66
520,Nara,100,JP,1619964673,53,34.6851,135.8049,53.01,8.72
521,Fukuechō,0,JP,1619964706,58,32.6881,128.8419,57.27,5.1
522,Tigil',14,RU,1619964707,79,57.8,158.6667,30.47,2.75
523,Quatre Cocos,40,MU,1619964707,89,-20.2078,57.7625,80.01,5.75
524,Berlevåg,40,NO,1619964707,55,70.8578,29.0864,33.8,5.75
525,Vila,82,PT,1619964708,43,42.0304,-8.1588,62.01,5.99
526,Luanda,40,AO,1619964644,79,-8.8368,13.2343,86.0,11.5
527,Aasiaat,1,GL,1619964708,68,68.7098,-52.8699,34.39,17.07
528,Flin Flon,90,CA,1619964708,74,54.7682,-101.865,28.4,8.05
529,Saint-Pierre,75,RE,1619964709,69,-21.3393,55.4781,80.6,5.75
530,Port Pirie,75,AU,1619964709,94,-33.1833,138.0167,57.2,3.44
531,Monticello,75,US,1619964709,51,45.3055,-93.7941,61.0,9.95
532,Attock,6,PK,1619964710,45,33.7695,72.3611,87.01,4.83
533,Karratha,36,AU,1619964710,57,-20.7377,116.8463,80.83,8.39
534,Port Macquarie,40,AU,1619964710,100,-31.4333,152.9167,59.0,4.68
535,Asău,40,RO,1619964711,32,46.4333,26.4,84.2,8.05
536,Ōme,1,JP,1619964711,38,35.7839,139.2431,55.4,16.11
537,Bubaque,61,GW,1619964711,63,11.2833,-15.8333,78.66,12.3
538,Mayumba,96,GA,1619964712,78,-3.432,10.6554,82.29,7.52
539,Karasburg,0,NA,1619964712,14,-28.0167,18.75,78.82,14.7
540,George,0,ZA,1619964712,46,-33.963,22.4617,71.6,9.22
